                  epoch,         train/box_loss,         train/seg_loss,         train/cls_loss,         train/dfl_loss,   metrics/precision(B),      metrics/recall(B),       metrics/mAP50(B),    metrics/mAP50-95(B),   metrics/precision(M),      metrics/recall(M),       metrics/mAP50(M),    metrics/mAP50-95(M),           val/box_loss,           val/seg_loss,           val/cls_loss,           val/dfl_loss,                 lr/pg0,                 lr/pg1,                 lr/pg2
                      0,                0.93188,                  3.436,                 3.6507,                 1.3097,                0.18926,                0.28567,                0.19109,                0.14234,                0.19335,                0.28795,                0.19638,                0.12747,                0.87408,                 1.5577,                 3.3465,                 1.6259,                0.07038,              0.0032911,              0.0032911
                      1,                0.68296,                 2.4694,                 2.4152,                 1.1386,                0.38581,                0.37282,                0.37722,                0.27007,                 0.3275,                0.34058,                0.34687,                0.18947,                0.99156,                 2.8283,                 2.8134,                 1.7965,               0.040358,              0.0066026,              0.0066026
                      2,                0.73141,                  2.308,                 2.1402,                 1.1456,                0.43664,                0.39253,                0.36247,                0.21631,                0.38727,                0.37754,                0.31386,                0.18005,                 1.1426,                 2.8989,                 2.6005,                 2.0299,               0.010314,              0.0098921,              0.0098921
                      3,                0.79622,                 2.4672,                 2.0469,                 1.1875,                0.44193,                0.58716,                0.53829,                0.33573,                0.42013,                0.59265,                0.51986,                0.31888,                 1.3008,                 1.9241,                 2.2383,                 2.1201,               0.009901,               0.009901,               0.009901
                      4,                0.79146,                 2.3016,                 1.9083,                 1.1777,                0.40288,                0.46551,                0.47367,                0.24699,                 0.2832,                0.52279,                0.43957,                0.24885,                 1.5942,                 2.7957,                 2.1829,                 2.7617,               0.009901,               0.009901,               0.009901
                      5,                0.80794,                 2.3338,                 1.8397,                 1.1897,                0.35081,                0.51817,                0.42483,                0.21822,                0.22048,                0.47406,                0.35307,                0.17641,                 1.4764,                 3.8612,                 2.4176,                 2.6326,               0.009868,               0.009868,               0.009868
                      6,                0.78721,                  2.253,                 1.7696,                 1.1671,                0.39858,                0.47293,                 0.4703,                0.27284,                0.43524,                0.49422,                0.51713,                0.28894,                  1.341,                 1.7377,                 2.0942,                 2.1588,               0.009835,               0.009835,               0.009835
                      7,                0.78367,                 2.2224,                 1.7305,                 1.1734,                0.59098,                0.55547,                0.48579,                0.30975,                0.58707,                0.53342,                 0.4581,                0.27149,                 1.1978,                 2.0016,                 2.0628,                  1.985,               0.009802,               0.009802,               0.009802
                      8,                0.76665,                 2.1416,                 1.6558,                 1.1581,                0.60738,                0.55144,                0.53527,                0.30726,                 0.5395,                0.57492,                0.55912,                0.35018,                 1.2283,                 1.5134,                 2.0683,                   2.14,               0.009769,               0.009769,               0.009769
                      9,                0.73827,                 2.1163,                 1.5885,                 1.1342,                0.71232,                  0.456,                 0.5644,                0.32463,                0.55931,                 0.5086,                 0.5694,                0.32803,                 1.4028,                 1.7031,                 1.9084,                   2.24,               0.009736,               0.009736,               0.009736
                     10,                0.73635,                 2.0959,                 1.5925,                 1.1311,                0.54729,                0.60302,                0.66416,                0.42139,                0.56061,                0.61467,                0.65478,                0.41682,                 1.2598,                  1.382,                 1.6188,                 1.9793,               0.009703,               0.009703,               0.009703
                     11,                  0.724,                 2.0224,                 1.5173,                 1.1221,                0.74187,                 0.5258,                0.64415,                0.36701,                0.68753,                0.48709,                 0.6072,                0.39813,                 1.4102,                 1.7136,                 1.7301,                 2.1781,                0.00967,                0.00967,                0.00967
                     12,                0.72065,                 2.0032,                 1.4786,                 1.1223,                0.61037,                0.65256,                0.72342,                0.48631,                0.59513,                0.63311,                0.71414,                0.49336,                 1.0683,                 1.4113,                 1.5259,                 1.8437,               0.009637,               0.009637,               0.009637
                     13,                0.72184,                 1.9982,                  1.472,                  1.129,                0.57426,                0.57852,                0.58257,                0.41412,                0.60034,                0.59463,                0.60516,                0.40735,                 1.1145,                 1.3978,                 1.5831,                 1.8612,               0.009604,               0.009604,               0.009604
                     14,                0.71598,                 1.9816,                 1.4242,                 1.1224,                0.50185,                0.69182,                0.66625,                  0.466,                0.52697,                0.69226,                0.66475,                0.43262,                 1.0798,                 1.4601,                 1.4386,                 1.8394,               0.009571,               0.009571,               0.009571
                     15,                0.70263,                 1.9119,                 1.4217,                 1.1174,                0.64125,                0.65103,                0.69708,                0.48457,                0.66183,                0.66137,                0.70696,                0.51041,                 1.0811,                 1.3296,                 1.3477,                 1.8407,               0.009538,               0.009538,               0.009538
                     16,                0.70392,                 1.9115,                 1.3585,                 1.1082,                 0.5267,                0.73015,                0.71976,                0.51304,                0.54853,                 0.7313,                 0.7261,                0.51175,                 1.1108,                  1.162,                 1.4382,                 1.8337,               0.009505,               0.009505,               0.009505
                     17,                0.68749,                 1.8779,                 1.3456,                 1.1047,                 0.6428,                0.66308,                0.72501,                0.52999,                0.64407,                0.67598,                0.73703,                0.50909,                0.97261,                 1.2408,                 1.2844,                 1.7424,               0.009472,               0.009472,               0.009472
                     18,                 0.6797,                 1.8333,                 1.3232,                 1.0953,                0.63194,                0.62193,                0.72123,                0.48076,                0.61353,                0.60015,                0.70597,                0.44097,                 1.1628,                 1.8175,                 1.4766,                 2.0343,               0.009439,               0.009439,               0.009439
                     19,                 0.6801,                 1.8645,                 1.3122,                 1.0952,                0.60476,                0.76228,                0.77811,                0.54545,                0.61846,                0.78672,                0.79815,                 0.5568,                 1.0948,                 1.4464,                 1.3715,                 1.8954,               0.009406,               0.009406,               0.009406
                     20,                0.65774,                 1.8247,                 1.2632,                 1.0777,                0.77057,                0.57419,                 0.7699,                0.56663,                0.76034,                0.56365,                0.75618,                0.51822,                 1.0169,                 1.4986,                 1.3334,                 1.7278,               0.009373,               0.009373,               0.009373
                     21,                0.67047,                  1.823,                 1.2829,                 1.0942,                0.73256,                0.69677,                0.76523,                0.54966,                0.66106,                0.71078,                0.74454,                 0.4686,                 1.0717,                 2.1534,                 1.3523,                 1.7562,                0.00934,                0.00934,                0.00934
                     22,                0.67649,                 1.8292,                 1.2616,                 1.0904,                0.76467,                0.75201,                0.81191,                0.56117,                0.75959,                0.74889,                 0.8075,                0.58002,                 1.0417,                 1.2915,                 1.2525,                 1.7683,               0.009307,               0.009307,               0.009307
                     23,                0.65829,                 1.7626,                 1.2205,                 1.0692,                0.83666,                0.62785,                0.77315,                0.55425,                0.83199,                0.62978,                0.78246,                0.55342,                 1.0025,                 1.2023,                 1.2203,                 1.7695,               0.009274,               0.009274,               0.009274
                     24,                0.65931,                 1.7778,                 1.2015,                 1.0735,                0.71325,                0.68419,                0.75645,                0.55964,                0.71325,                0.68419,                0.76533,                0.56673,                 0.9084,                 1.1268,                 1.2962,                 1.6606,               0.009241,               0.009241,               0.009241
                     25,                0.65553,                 1.7835,                 1.1994,                 1.0767,                0.54323,                  0.843,                0.79907,                0.59488,                0.54911,                0.84948,                0.79944,                0.59551,                 1.0009,                 1.2295,                 1.3193,                  1.714,               0.009208,               0.009208,               0.009208
                     26,                0.66052,                 1.7694,                 1.2063,                 1.0811,                0.67666,                0.77952,                0.82458,                0.59682,                 0.6522,                0.78945,                0.81539,                0.56234,                 0.9481,                 1.4364,                 1.1674,                 1.7038,               0.009175,               0.009175,               0.009175
                     27,                0.64629,                 1.7538,                 1.1682,                 1.0723,                 0.7132,                0.74348,                0.85122,                0.63147,                0.84938,                0.68844,                0.87151,                0.60209,                0.95842,                 1.3134,                 1.0975,                 1.6714,               0.009142,               0.009142,               0.009142
                     28,                0.63826,                 1.7334,                  1.122,                 1.0711,                0.70828,                0.78138,                0.83515,                0.64773,                0.71045,                0.80256,                0.85253,                0.63958,                0.90841,                 1.1377,                 1.0963,                 1.6922,               0.009109,               0.009109,               0.009109
                     29,                0.62891,                 1.7115,                 1.1411,                  1.055,                0.51512,                0.76672,                0.70832,                0.52903,                0.52302,                0.78798,                0.74267,                 0.5201,                 1.0375,                 1.4466,                 1.3364,                 1.8133,               0.009076,               0.009076,               0.009076
                     30,                0.64017,                 1.7133,                 1.1254,                 1.0635,                0.68134,                0.66554,                0.77906,                0.59137,                0.69594,                0.66893,                0.78773,                0.57248,                0.88877,                 1.2651,                 1.1048,                 1.6102,               0.009043,               0.009043,               0.009043
                     31,                 0.6388,                 1.7399,                 1.0944,                 1.0721,                0.76529,                0.68961,                0.82019,                0.64473,                 0.7732,                 0.6955,                0.82869,                 0.6159,                0.88153,                 1.2959,                 1.1097,                 1.5954,                0.00901,                0.00901,                0.00901
                     32,                0.63576,                 1.6409,                 1.0789,                 1.0584,                 0.7659,                0.77972,                0.85001,                0.63399,                0.77677,                0.78324,                0.84709,                0.63216,                0.91941,                 1.2297,                  1.186,                 1.6039,               0.008977,               0.008977,               0.008977
                     33,                0.62079,                  1.655,                 1.0563,                 1.0487,                0.70126,                0.77745,                0.79664,                0.60855,                0.73423,                0.76269,                0.81162,                0.59812,                0.91308,                 1.2366,                 1.1656,                 1.6253,               0.008944,               0.008944,               0.008944
                     34,                0.62208,                 1.6388,                  1.067,                 1.0564,                 0.7549,                0.68152,                0.76877,                0.61035,                0.76912,                0.69062,                0.77531,                0.54357,                0.81726,                 1.6934,                 1.1214,                 1.5239,               0.008911,               0.008911,               0.008911
                     35,                0.63075,                 1.6806,                 1.0293,                 1.0582,                0.65984,                0.71296,                0.75187,                0.51359,                0.63966,                0.69711,                0.73263,                0.50113,                  1.018,                  1.185,                 1.2888,                 1.7296,               0.008878,               0.008878,               0.008878
                     36,                0.61925,                 1.6389,                 1.0332,                 1.0485,                0.62651,                0.79629,                0.73678,                0.57219,                0.64673,                0.78916,                 0.7548,                0.55381,                0.86942,                    1.2,                 1.0938,                 1.6073,               0.008845,               0.008845,               0.008845
                     37,                0.61551,                 1.6621,                  1.032,                 1.0448,                0.59389,                0.80546,                0.77965,                0.59016,                0.60158,                0.81497,                0.79068,                0.55518,                0.96129,                 1.3501,                 1.1482,                 1.7219,               0.008812,               0.008812,               0.008812
                     38,                0.61691,                 1.6501,                 1.0255,                 1.0426,                0.71478,                0.74264,                0.84419,                0.65169,                0.74556,                0.76598,                0.87147,                0.62658,                0.87011,                  1.112,                 1.0165,                 1.5706,               0.008779,               0.008779,               0.008779
                     39,                 0.6187,                 1.6683,                 1.0193,                 1.0559,                0.73319,                0.77541,                0.81887,                0.62142,                0.77611,                0.72927,                0.79912,                0.60245,                0.91358,                 1.2781,                  1.131,                 1.6878,               0.008746,               0.008746,               0.008746
                     40,                0.61083,                 1.5991,                0.98894,                 1.0499,                0.64139,                0.77383,                0.80955,                0.60437,                0.66477,                0.74021,                0.80271,                0.54331,                0.95926,                 1.4308,                  1.123,                 1.7394,               0.008713,               0.008713,               0.008713
                     41,                0.60601,                 1.6118,                0.95743,                 1.0384,                0.59554,                0.79382,                0.76767,                0.59898,                0.62073,                0.81612,                0.77735,                 0.5777,                0.88291,                  1.098,                 1.0241,                 1.6112,                0.00868,                0.00868,                0.00868
                     42,                0.59855,                 1.5889,                 0.9487,                 1.0398,                0.67008,                0.70344,                0.73303,                0.53459,                0.68952,                0.73627,                0.75943,                0.51983,                0.96004,                 1.3666,                 1.2357,                 1.6796,               0.008647,               0.008647,               0.008647
                     43,                0.60296,                 1.5956,                0.94974,                 1.0397,                 0.6721,                0.70542,                0.80201,                 0.6229,                0.67697,                0.70653,                0.79125,                0.61844,                0.83161,                 1.1574,                 1.0232,                 1.5223,               0.008614,               0.008614,               0.008614
                     44,                 0.5967,                 1.5569,                0.93555,                 1.0311,                0.70204,                0.77188,                0.82948,                 0.6495,                0.67773,                0.75607,                0.81686,                0.59292,                0.87458,                 1.2758,                 1.0794,                 1.5456,               0.008581,               0.008581,               0.008581
                     45,                0.59557,                 1.5234,                0.92731,                 1.0363,                0.74007,                0.88801,                0.90513,                 0.6792,                0.73235,                0.87211,                0.89126,                0.66562,                0.85929,                 1.1664,                0.97502,                 1.5608,               0.008548,               0.008548,               0.008548
                     46,                0.59682,                 1.5707,                0.94163,                 1.0363,                0.58823,                0.86503,                0.82658,                0.62306,                 0.6898,                0.66007,                0.79666,                0.56352,                 0.9064,                 1.4789,                 1.2323,                  1.618,               0.008515,               0.008515,               0.008515
                     47,                0.59133,                 1.5694,                0.93058,                 1.0321,                0.73168,                 0.8016,                 0.8522,                0.66005,                0.73767,                0.80993,                0.85002,                0.63265,                0.91393,                 1.2439,                 1.0794,                 1.6544,               0.008482,               0.008482,               0.008482
                     48,                0.59425,                 1.5661,                0.92866,                 1.0298,                0.66597,                0.89253,                0.87069,                0.68061,                0.67217,                0.89919,                0.88568,                0.66653,                0.84998,                 1.1009,                 1.0174,                 1.6576,               0.008449,               0.008449,               0.008449
                     49,                0.57915,                 1.5469,                0.88964,                 1.0265,                0.75218,                0.79681,                0.88302,                0.65442,                0.76553,                0.81606,                0.88442,                0.68251,                0.87773,                0.98102,                 1.0034,                 1.6074,               0.008416,               0.008416,               0.008416
                     50,                0.60138,                 1.5337,                0.91027,                 1.0336,                0.77891,                0.86797,                0.89544,                0.69251,                0.75012,                 0.8363,                0.85959,                0.66905,                0.87738,                 1.4321,                0.96603,                 1.5724,               0.008383,               0.008383,               0.008383
                     51,                0.59197,                 1.5554,                0.89772,                 1.0369,                0.78782,                 0.7026,                0.84265,                0.62052,                0.79442,                0.71573,                0.84244,                0.63193,                0.91409,                 1.1343,                 1.1761,                 1.6269,                0.00835,                0.00835,                0.00835
                     52,                0.60322,                 1.5655,                0.91124,                 1.0347,                0.72057,                0.74211,                0.82338,                0.64009,                0.70941,                0.73878,                0.79549,                0.57027,                0.80381,                 1.6332,                 1.0899,                 1.5158,               0.008317,               0.008317,               0.008317
                     53,                0.59456,                 1.5518,                0.90262,                 1.0327,                 0.7844,                0.74936,                0.85242,                0.66256,                0.75461,                 0.7862,                0.86759,                0.66826,                0.81107,                0.88173,                0.98698,                 1.5187,               0.008284,               0.008284,               0.008284
                     54,                0.58985,                 1.4938,                0.86267,                 1.0303,                0.71266,                0.78348,                0.81816,                 0.6215,                0.71733,                0.78954,                0.82401,                0.62602,                 0.8501,                 1.0561,                 1.1507,                 1.5139,               0.008251,               0.008251,               0.008251
                     55,                0.59269,                 1.5457,                 0.8676,                 1.0252,                0.78624,                0.82685,                0.85003,                0.63318,                0.77764,                0.81852,                0.83232,                0.62611,                0.89203,                 1.0177,                0.95368,                 1.5444,               0.008218,               0.008218,               0.008218
                     56,                0.58465,                 1.5174,                0.85178,                 1.0213,                0.63418,                0.92152,                0.89194,                0.71198,                0.63619,                0.92264,                0.87183,                0.65476,                0.89792,                 1.1616,                0.89291,                 1.6549,               0.008185,               0.008185,               0.008185
                     57,                 0.5838,                 1.5316,                0.84066,                 1.0169,                0.72196,                0.73674,                0.83374,                0.65691,                0.82245,                0.66497,                0.84805,                0.63446,                0.87537,                 1.0779,                 1.0755,                 1.5688,               0.008152,               0.008152,               0.008152
                     58,                0.57968,                 1.5039,                0.82092,                 1.0169,                0.79321,                0.75903,                0.83997,                0.62399,                0.79153,                0.77361,                0.84148,                 0.6291,                0.87082,                 0.9715,                 1.0562,                 1.5569,               0.008119,               0.008119,               0.008119
                     59,                 0.5762,                 1.4882,                0.81733,                  1.014,                 0.7331,                0.81891,                0.88575,                0.71762,                0.74849,                0.82873,                0.89076,                0.69838,                0.80309,                 1.0352,                0.94609,                 1.4649,               0.008086,               0.008086,               0.008086
                     60,                0.57724,                 1.4718,                0.82834,                 1.0212,                0.80034,                0.74472,                0.83341,                0.65597,                0.80651,                0.74199,                0.83533,                0.63905,                0.84066,                 1.0281,                0.94445,                 1.5561,               0.008053,               0.008053,               0.008053
                     61,                0.56479,                 1.4952,                0.81565,                 1.0128,                0.70437,                0.88878,                0.90182,                0.70015,                0.70437,                0.88878,                0.89827,                0.66668,                0.83155,                0.99667,                0.92159,                  1.566,                0.00802,                0.00802,                0.00802
                     62,                0.58035,                 1.5007,                0.81718,                 1.0215,                0.65732,                0.91498,                0.89741,                0.69196,                0.65364,                0.90882,                0.88683,                0.69005,                0.81959,                 1.0558,                0.92325,                 1.5267,               0.007987,               0.007987,               0.007987
                     63,                0.57358,                 1.4946,                0.80147,                 1.0217,                0.70267,                0.85998,                0.84254,                 0.6716,                0.69657,                0.86013,                0.82702,                 0.6342,                0.81531,                 1.2724,                0.93238,                 1.5055,               0.007954,               0.007954,               0.007954
                     64,                0.57136,                 1.4511,                0.79797,                 1.0094,                0.68477,                0.93184,                0.89584,                 0.7172,                0.69396,                0.94518,                 0.9095,                0.70903,                0.76217,                0.88308,                0.81432,                 1.4146,               0.007921,               0.007921,               0.007921
                     65,                 0.5678,                 1.4636,                0.80422,                 1.0082,                0.70827,                0.74485,                0.82862,                0.66806,                0.69589,                0.77189,                0.80684,                0.63524,                0.83303,                 1.0416,                 1.0282,                 1.5631,               0.007888,               0.007888,               0.007888
                     66,                0.57712,                 1.4624,                0.78866,                 1.0187,                0.73102,                0.75739,                0.80844,                0.63713,                0.72194,                0.74722,                0.80397,                 0.6134,                0.83205,                 1.0147,                0.94571,                  1.525,               0.007855,               0.007855,               0.007855
                     67,                0.58729,                 1.4737,                0.79586,                 1.0187,                0.79899,                0.74365,                0.87444,                0.69083,                0.79141,                0.78002,                 0.8819,                0.66851,                0.78416,                 1.0823,                 1.0297,                  1.501,               0.007822,               0.007822,               0.007822
                     68,                0.57179,                 1.4656,                0.78784,                  1.014,                0.60749,                0.77322,                0.77943,                0.59674,                0.59967,                0.76899,                0.78145,                0.58337,                 0.9181,                 1.4835,                 1.2273,                 1.5921,               0.007789,               0.007789,               0.007789
                     69,                0.58239,                 1.4677,                0.78048,                 1.0169,                0.80384,                0.80261,                0.88945,                0.68502,                0.80175,                0.79261,                0.87687,                0.67405,                0.84346,                  1.147,                0.89755,                 1.5921,               0.007756,               0.007756,               0.007756
                     70,                0.57864,                 1.4563,                0.79337,                 1.0229,                0.82921,                0.83085,                0.90322,                 0.7187,                0.81222,                0.81418,                0.88979,                0.66351,                0.73272,                 1.1237,                0.86043,                 1.4751,               0.007723,               0.007723,               0.007723
                     71,                 0.5671,                 1.4633,                0.76667,                 1.0103,                0.66118,                0.89507,                0.87292,                0.64952,                0.67243,                 0.9084,                0.88193,                0.67325,                0.86084,                0.97877,                 1.0619,                 1.5438,                0.00769,                0.00769,                0.00769
                     72,                0.57788,                  1.435,                0.74555,                 1.0191,                0.80749,                0.74046,                0.78259,                0.60553,                0.80749,                0.74046,                0.79082,                0.58699,                0.82385,                 1.1264,                  1.084,                  1.562,               0.007657,               0.007657,               0.007657
                     73,                0.57288,                 1.4511,                0.78431,                 1.0146,                0.72218,                0.82679,                0.86336,                0.68708,                0.74455,                0.84398,                0.86967,                0.65775,                0.80996,                 1.2364,                0.93336,                 1.5492,               0.007624,               0.007624,               0.007624
                     74,                0.56502,                 1.4446,                0.76116,                  1.008,                0.72185,                0.86822,                0.90501,                0.72707,                0.72298,                0.86907,                0.89952,                0.70386,                0.77367,                 1.1172,                0.80968,                 1.5059,               0.007591,               0.007591,               0.007591
                     75,                0.56702,                 1.4441,                0.73193,                 1.0126,                0.76478,                0.90105,                0.91302,                0.70927,                0.79612,                0.91359,                0.92216,                0.70525,                0.81142,                0.99261,                0.81432,                 1.5435,               0.007558,               0.007558,               0.007558
                     76,                0.57307,                 1.4742,                0.75808,                 1.0181,                0.85468,                0.73567,                0.85288,                0.66031,                 0.8229,                0.70296,                0.81997,                0.61117,                0.82145,                 1.4887,                 0.9364,                 1.5416,               0.007525,               0.007525,               0.007525
                     77,                0.57203,                 1.4556,                0.73573,                 1.0106,                0.86918,                0.77584,                0.92311,                0.73946,                0.84173,                0.74282,                0.90782,                0.68513,                0.72916,                 1.1752,                0.73606,                 1.4862,               0.007492,               0.007492,               0.007492
                     78,                 0.5689,                 1.4258,                0.72765,                 1.0127,                0.76335,                0.86663,                0.89265,                0.71996,                0.77659,                0.87656,                0.89598,                0.66124,                0.77505,                 1.0512,                0.77975,                 1.4649,               0.007459,               0.007459,               0.007459
                     79,                0.56457,                 1.4126,                0.72238,                 1.0035,                0.82512,                0.75365,                0.87112,                0.70084,                0.82512,                0.75365,                 0.8726,                0.65849,                0.73996,                    1.1,                0.86865,                 1.4074,               0.007426,               0.007426,               0.007426
                     80,                0.56039,                 1.4313,                0.71264,                 1.0032,                0.82909,                0.76185,                0.86672,                0.71213,                0.83029,                0.77463,                0.86921,                0.68622,                0.76631,                 1.0001,                 0.8503,                 1.4619,               0.007393,               0.007393,               0.007393
                     81,                0.56112,                 1.4309,                0.71894,                 1.0072,                0.80162,                0.78579,                0.88416,                0.70957,                0.80421,                 0.7844,                 0.8912,                0.64075,                0.77649,                 1.2557,                0.90979,                 1.4876,                0.00736,                0.00736,                0.00736
                     82,                0.56817,                 1.4562,                0.73069,                 1.0108,                0.76965,                0.83103,                0.91819,                0.76275,                0.76045,                0.83434,                 0.9272,                0.74352,                0.78095,                0.98406,                0.87144,                 1.4721,               0.007327,               0.007327,               0.007327
                     83,                0.56954,                   1.44,                0.72883,                 1.0113,                0.71299,                0.81779,                0.88337,                 0.7142,                0.71299,                0.81779,                0.88549,                0.66512,                0.74532,                 1.0605,                0.89307,                 1.4779,               0.007294,               0.007294,               0.007294
                     84,                0.56062,                 1.4117,                0.71201,                  1.008,                0.82618,                0.78361,                0.90164,                0.73635,                0.83512,                0.74891,                0.88552,                0.67386,                0.74195,                 1.1426,                0.83254,                 1.4853,               0.007261,               0.007261,               0.007261
                     85,                0.57131,                   1.41,                0.71822,                 1.0089,                0.76868,                0.80463,                0.83576,                0.67928,                0.76868,                0.80463,                0.83576,                0.61745,                0.74018,                 1.0503,                0.84063,                 1.4643,               0.007228,               0.007228,               0.007228
                     86,                0.56637,                 1.4356,                 0.7029,                 1.0069,                0.84293,                0.77349,                0.88844,                 0.7139,                0.83989,                0.76747,                0.88147,                0.65522,                0.75895,                 1.4484,                0.86494,                 1.4793,               0.007195,               0.007195,               0.007195
                     87,                0.56129,                  1.378,                0.69045,                0.99885,                0.67671,                0.87529,                0.87448,                 0.6655,                0.81624,                0.80632,                0.88364,                 0.6752,                0.76408,                0.99358,                0.82328,                 1.4997,               0.007162,               0.007162,               0.007162
                     88,                 0.5645,                 1.3927,                0.70839,                 1.0088,                0.76123,                0.79494,                0.87984,                0.70301,                0.76123,                0.79494,                0.88017,                0.64761,                0.80794,                 1.0843,                0.92506,                 1.5298,               0.007129,               0.007129,               0.007129
                     89,                0.55714,                 1.4055,                0.68021,                0.99792,                0.80127,                0.88476,                 0.9254,                0.76053,                0.78614,                0.86836,                0.89685,                0.68468,                0.74091,                0.97968,                0.78016,                 1.4672,               0.007096,               0.007096,               0.007096
                     90,                0.56951,                 1.4001,                0.67585,                  1.007,                 0.8188,                0.89529,                0.91777,                0.74388,                0.83263,                0.90781,                0.92942,                0.71164,                0.73328,                0.94698,                0.74517,                  1.443,               0.007063,               0.007063,               0.007063
                     91,                0.55965,                 1.3918,                0.69109,                 1.0003,                 0.7581,                0.78901,                0.86649,                0.64456,                0.76301,                0.77883,                0.85056,                0.64344,                0.87277,                 1.1609,                0.97069,                 1.5705,                0.00703,                0.00703,                0.00703
                     92,                0.56855,                 1.4006,                0.68569,                 1.0012,                0.77348,                 0.8432,                0.89379,                0.70933,                0.76934,                0.89171,                0.89859,                0.68178,                0.82699,                 1.0893,                0.84788,                  1.565,               0.006997,               0.006997,               0.006997
                     93,                0.55645,                 1.3975,                0.67308,                  1.002,                0.81626,                0.88452,                0.91601,                0.72665,                0.81626,                0.88452,                0.91769,                0.71352,                0.72304,                0.95257,                 0.7744,                  1.409,               0.006964,               0.006964,               0.006964
                     94,                0.56462,                 1.4118,                0.68002,                 1.0002,                0.85176,                0.82556,                0.90024,                0.70724,                0.83365,                0.81588,                0.88948,                0.68402,                0.78509,                 1.0211,                0.85116,                 1.5019,               0.006931,               0.006931,               0.006931
                     95,                0.55841,                  1.396,                0.66206,                0.99462,                0.83312,                0.74033,                0.92121,                0.71403,                0.87019,                0.69565,                 0.9078,                0.72156,                0.76685,                 1.0262,                0.86111,                 1.4522,               0.006898,               0.006898,               0.006898
                     96,                0.55696,                 1.3788,                0.65773,                0.99544,                0.81501,                0.74935,                0.89652,                0.73208,                0.81709,                0.74879,                0.88884,                0.70745,                 0.7515,                 1.0324,                0.92028,                 1.4521,               0.006865,               0.006865,               0.006865
                     97,                0.55899,                 1.3659,                0.65172,                0.99777,                0.79072,                0.86296,                0.88177,                0.68433,                 0.8242,                0.85775,                0.87132,                0.66798,                0.78154,                0.98163,                0.81426,                 1.4947,               0.006832,               0.006832,               0.006832
                     98,                0.56973,                 1.3792,                0.66565,                 1.0026,                0.74605,                0.90195,                 0.9119,                0.71256,                0.74168,                0.89801,                0.90896,                0.66457,                0.76841,                 1.1468,                0.79856,                 1.4657,               0.006799,               0.006799,               0.006799
                     99,                 0.5592,                   1.42,                  0.664,                0.99288,                0.83709,                0.81268,                0.88461,                0.69752,                0.79751,                0.78019,                0.84494,                0.66569,                0.79064,                 1.1465,                0.86037,                 1.5547,               0.006766,               0.006766,               0.006766
                    100,                0.55678,                 1.3929,                0.65549,                0.99654,                0.83686,                0.79271,                0.90487,                0.74813,                0.83982,                0.79142,                0.89528,                0.70346,                0.70202,                0.95575,                0.80758,                  1.427,               0.006733,               0.006733,               0.006733
                    101,                0.57018,                 1.4086,                0.67695,                 1.0007,                0.77501,                0.83847,                0.91356,                0.73282,                0.78341,                0.84455,                0.91761,                0.66531,                0.74901,                 1.3027,                0.82807,                 1.5046,                 0.0067,                 0.0067,                 0.0067
                    102,                0.55148,                 1.3871,                0.63905,                0.99434,                0.83686,                0.78982,                0.87844,                0.70016,                0.83686,                0.78982,                0.88225,                0.67119,                 0.7029,                 1.2176,                 0.8428,                 1.4197,               0.006667,               0.006667,               0.006667
                    103,                0.54671,                 1.3678,                0.63917,                0.99193,                0.87257,                0.83383,                0.92163,                0.73723,                0.85775,                0.81716,                0.89872,                 0.6813,                0.70103,                 1.1604,                0.70706,                 1.4224,               0.006634,               0.006634,               0.006634
                    104,                0.56372,                 1.3558,                0.65234,                 0.9963,                0.81877,                0.84036,                0.90381,                0.73522,                0.82348,                0.82264,                0.89725,                0.70102,                0.70769,                 1.1496,                0.77281,                 1.3666,               0.006601,               0.006601,               0.006601
                    105,                0.56082,                 1.3797,                0.64269,                 1.0017,                 0.8483,                0.88296,                0.92965,                0.75959,                0.84759,                0.88207,                0.91725,                0.70797,                0.76597,                 1.3012,                0.76032,                 1.4647,               0.006568,               0.006568,               0.006568
                    106,                0.54661,                 1.3094,                 0.6229,                 0.9929,                0.84312,                0.80121,                0.91838,                0.73874,                0.84312,                0.80121,                0.91903,                 0.6947,                0.74992,                 1.0745,                0.79026,                 1.5136,               0.006535,               0.006535,               0.006535
                    107,                0.55447,                 1.3434,                0.64104,                0.99088,                0.87951,                0.89781,                0.94944,                0.75123,                0.87951,                0.89781,                0.94944,                0.74628,                0.76082,                0.99698,                0.73804,                 1.4777,               0.006502,               0.006502,               0.006502
                    108,                0.55697,                  1.341,                0.64117,                 0.9895,                0.78811,                0.89572,                0.93074,                0.73353,                0.78811,                0.89572,                0.93138,                 0.7114,                0.80282,                 0.9821,                0.81889,                 1.5397,               0.006469,               0.006469,               0.006469
                    109,                0.55487,                 1.3608,                0.62428,                0.99136,                0.78766,                0.79145,                0.83969,                0.63188,                0.77878,                0.78821,                0.82422,                0.59643,                 0.8067,                 1.2579,                0.84595,                 1.4916,               0.006436,               0.006436,               0.006436
                    110,                0.55537,                 1.3377,                0.63412,                0.99055,                0.87689,                0.84167,                0.93486,                0.75721,                0.85684,                  0.825,                0.91541,                 0.6977,                0.74254,                 1.2581,                0.73079,                 1.4341,               0.006403,               0.006403,               0.006403
                    111,                0.55775,                 1.3635,                0.63376,                0.99616,                0.86566,                0.80038,                0.92954,                0.75226,                0.84798,                0.78408,                0.91023,                0.68787,                0.72093,                 1.1028,                0.75151,                   1.47,                0.00637,                0.00637,                0.00637
                    112,                0.55574,                 1.3657,                0.62229,                0.99029,                0.80715,                0.78981,                0.89699,                0.72902,                0.81911,                0.77922,                0.88783,                0.66367,                0.73208,                 1.2695,                0.80562,                 1.4047,               0.006337,               0.006337,               0.006337
                    113,                  0.557,                 1.3558,                0.62089,                 0.9908,                0.79571,                0.88835,                0.92733,                0.73811,                0.78106,                0.87169,                0.89969,                0.69362,                0.75806,                 1.1588,                0.77401,                 1.4383,               0.006304,               0.006304,               0.006304
                    114,                0.55431,                 1.3209,                0.62251,                  0.994,                0.81418,                0.86176,                0.91233,                0.72419,                 0.8146,                0.86142,                0.90503,                0.69665,                 0.7561,                 1.1457,                0.80845,                 1.4369,               0.006271,               0.006271,               0.006271
                    115,                0.54427,                 1.3279,                0.60947,                0.98314,                0.79581,                0.82188,                0.90457,                0.71086,                0.78338,                0.80521,                0.88335,                0.67289,                0.79094,                 1.2305,                0.78562,                 1.5039,               0.006238,               0.006238,               0.006238
                    116,                 0.5557,                 1.3618,                0.62183,                0.98728,                 0.8763,                0.74676,                  0.936,                0.76402,                 0.8763,                0.74676,                0.93603,                0.69034,                0.74551,                 1.1634,                0.73047,                 1.4424,               0.006205,               0.006205,               0.006205
                    117,                0.54917,                 1.3227,                0.61129,                0.99163,                0.81936,                0.80843,                0.93212,                0.73318,                0.81936,                0.80843,                0.93348,                0.70451,                 0.7886,                 1.2401,                0.79111,                 1.4944,               0.006172,               0.006172,               0.006172
                    118,                  0.557,                 1.3543,                0.61227,                0.98978,                0.87969,                0.81251,                0.88425,                0.71186,                0.87969,                0.81251,                0.88505,                0.65701,                0.77943,                 1.0699,                0.74545,                 1.4793,               0.006139,               0.006139,               0.006139
                    119,                0.55267,                 1.3385,                0.60074,                0.98924,                0.85968,                0.80049,                 0.8514,                0.67167,                0.84193,                 0.7848,                0.82837,                0.61346,                 0.7611,                 1.2558,                0.75139,                 1.4522,               0.006106,               0.006106,               0.006106
                    120,                0.54441,                  1.367,                0.59619,                0.98029,                0.88876,                0.80961,                0.91463,                0.69946,                0.88876,                0.80961,                0.91463,                 0.6719,                 0.7646,                  1.184,                0.74645,                 1.4673,               0.006073,               0.006073,               0.006073
                    121,                0.55058,                 1.3671,                0.62313,                0.99426,                0.86646,                0.78757,                0.89436,                 0.7468,                0.84052,                0.77456,                0.87243,                0.67044,                0.71467,                 1.2018,                0.74969,                 1.4037,                0.00604,                0.00604,                0.00604
                    122,                0.55236,                 1.3528,                0.60329,                0.98496,                0.81741,                0.84418,                 0.8972,                0.70637,                0.79886,                0.82821,                 0.8774,                 0.6774,                0.78148,                 1.2206,                0.81316,                 1.4765,               0.006007,               0.006007,               0.006007
                    123,                0.55369,                 1.3238,                0.60172,                0.98935,                0.79034,                0.90029,                0.91212,                0.71273,                0.78306,                 0.8913,                0.90135,                0.67508,                0.72321,                 1.1132,                 0.7368,                  1.425,               0.005974,               0.005974,               0.005974
                    124,                0.55063,                 1.3082,                0.58785,                0.98389,                0.71723,                0.87819,                0.89229,                0.71438,                0.71439,                0.88094,                0.88776,                0.67556,                0.73402,                 1.0753,                0.75156,                 1.4752,               0.005941,               0.005941,               0.005941
                    125,                0.56128,                 1.3464,                0.60261,                0.99635,                0.70778,                 0.8814,                0.88482,                0.72533,                0.69934,                 0.8708,                0.87262,                 0.6923,                 0.7359,                 1.0742,                0.76334,                 1.4595,               0.005908,               0.005908,               0.005908
                    126,                0.53871,                 1.2888,                0.59266,                0.98368,                0.80119,                0.79465,                0.87091,                0.69419,                0.79273,                0.78404,                0.85635,                0.64514,                0.77273,                 1.4158,                0.87184,                 1.4842,               0.005875,               0.005875,               0.005875
                    127,                0.54999,                 1.3261,                0.59087,                0.98748,                0.86995,                0.81411,                0.90701,                0.71302,                0.79146,                 0.8731,                0.88738,                0.65142,                0.76472,                 1.2072,                0.80188,                 1.4521,               0.005842,               0.005842,               0.005842
                    128,                0.54781,                 1.3109,                0.57528,                0.98384,                 0.7785,                0.81681,                0.90232,                0.71861,                0.81086,                0.80374,                0.91326,                0.66025,                0.72942,                  1.241,                 0.7702,                  1.423,               0.005809,               0.005809,               0.005809
                    129,                0.55659,                  1.324,                0.59284,                0.98917,                0.81537,                0.85079,                0.84957,                0.66996,                0.80444,                 0.8387,                0.83583,                0.61768,                0.74761,                 1.2947,                0.94457,                 1.4344,               0.005776,               0.005776,               0.005776
                    130,                0.55002,                 1.3124,                0.59511,                0.99236,                0.78607,                0.87262,                0.90133,                0.65724,                0.76369,                0.87735,                0.87958,                0.63218,                0.81977,                 1.2005,                0.80457,                 1.5323,               0.005743,               0.005743,               0.005743
                    131,                0.55988,                 1.3251,                0.59152,                0.99118,                0.86069,                0.87424,                0.93225,                0.74472,                0.84776,                0.88716,                0.92117,                0.71445,                0.74712,                 1.0545,                0.77494,                 1.4593,                0.00571,                0.00571,                0.00571
                    132,                0.55704,                 1.3328,                0.58063,                0.99422,                0.69901,                 0.9367,                0.92933,                0.74413,                 0.6745,                0.90337,                0.88782,                0.66239,                0.78166,                 1.4907,                0.78607,                 1.5129,               0.005677,               0.005677,               0.005677
